{
    "usersList": {
        "tom": [
            {
                "id": 10,
                "levelOfRisk": 2,
                "startingInvestmentAmount": 1000,
                "stocksSymbols": [
                    601,
                    602,
                    700,
                    701,
                    702,
                    142,
                    143,
                    "SPY",
                    "QQQ",
                    "^RUT",
                    "IEI",
                    "LQD",
                    "GSG",
                    "GLD",
                    "OIL"
                ],
                "sectorsNames": [
                    "Israel Stocks Indexes",
                    "Israel General Bonds Indexes",
                    "Israel Government Bonds Indexes",
                    "US Stocks Indexes",
                    "US Bonds Indexes",
                    "US Commodity Indexes"
                ],
                "sectorsWeights": [
                    0.11328709422494139,
                    0.18622620780443,
                    0.2500526551323597,
                    0.1713620415553693,
                    0.1001047149913929,
                    0.17896728629150602
                ],
                "stocksWeights": [
                    0.0371119560947466,
                    0.1491142517096834,
                    0.10900465330509,
                    0.0113623619671986,
                    0.1296856398600711,
                    0.0266057448878235,
                    0.0866813493371179,
                    0.0652765844102519,
                    0.0374571506000896,
                    0.0686283065450278,
                    0.0520387892392715,
                    0.0480659257521214,
                    0.0050149282214801,
                    0.1666827024128897,
                    0.0072696556571362
                ],
                "annualReturns": 3.78911796689085,
                "annualMaxLoss": -4.440105800953538,
                "annualVolatility": 4.987408344148114,
                "annualSharpe": 0.7597368624000367,
                "totalChange": 56.97306679008574,
                "monthlyChange": 1.40296394629984,
                "dailyChange": -0.0005496261455911546,
                "statModelName": "Gini",
                "machineLearningOpt": 1,
                "stocksCollectionNumber": "1",
                "investments_list": [
                    {
                        "amount": 1000,
                        "date": "2023-08-13",
                        "status": false,
                        "automatic_investment": false
                    },
                    {
                        "amount": 2000,
                        "date": "2023-08-13",
                        "status": false,
                        "automatic_investment": false
                    },
                    {
                        "amount": 3000,
                        "date": "2023-08-13",
                        "status": false,
                        "automatic_investment": false
                    },
                    {
                        "amount": 5000,
                        "date": "2023-08-13",
                        "status": false,
                        "automatic_investment": false
                    },
                    {
                        "amount": 500,
                        "date": "2023-08-13",
                        "status": true,
                        "automatic_investment": false
                    }
                ]
            }
        ],
        "yarden": [
            {
                "levelOfRisk": 2,
                "startingInvestmentAmount": 0,
                "stocksSymbols": [
                    170,
                    603,
                    690,
                    637,
                    704,
                    700,
                    "XLK",
                    "XLV",
                    "XOP",
                    "XLU",
                    "QQQ",
                    "SHV",
                    "BIL",
                    273011,
                    695437,
                    593038,
                    "LMB",
                    "AGM",
                    "TDS",
                    "MCD",
                    "FMY",
                    "EOI"
                ],
                "sectorsNames": [
                    "Israel Stocks Indexes",
                    "Israel General Bonds Indexes",
                    "Israel Government Bonds Indexes",
                    "US Stocks Indexes",
                    "US Bonds Indexes",
                    "Israel Stocks",
                    "US Stocks"
                ],
                "sectorsWeights": [
                    0.0111722420990105,
                    0.10341578540727829,
                    0.1350387108327817,
                    0.2005621151442141,
                    0.1068180260242615,
                    0.1817603119071409,
                    0.2612328085853121
                ],
                "stocksWeights": [
                    0.0111722420990105,
                    0.0429451721650044,
                    0.051281724102628,
                    0.0091888891396459,
                    0.0581626102883576,
                    0.0768761005444241,
                    0.0517101123267122,
                    0.018639134164301,
                    0.019956707309401,
                    0.0654203091971422,
                    0.0448358521466577,
                    0.0551918197997134,
                    0.0516262062245481,
                    0.0750215718085013,
                    0.0304727403620306,
                    0.076265999736609,
                    0.0436686015511585,
                    0.0728137056742138,
                    0.0008845527772726,
                    0.0708253185104661,
                    0.0607590118668252,
                    0.0122816182053759
                ],
                "annualReturns": 5.200790027535351,
                "annualMaxLoss": -2.553106625216781,
                "annualVolatility": 4.699331304698262,
                "annualSharpe": 1.1067085273038195,
                "totalChange": 91.132266279813,
                "monthlyChange": 1.668123861787607,
                "dailyChange": 0.0030206745867228492,
                "statModelName": "Gini",
                "machineLearningOpt": 1,
                "stocksCollectionNumber": "2",
                "id": 1,
                "investments_list": [
                    {
                        "amount": 1000,
                        "date": "2023-09-10",
                        "status": true,
                        "automatic_investment": false
                    },
                    {
                        "amount": 2,
                        "date": "2023-09-10",
                        "status": true,
                        "automatic_investment": false
                    }
                ]
            }
        ],
        "hanael": [
            {
                "id": 3,
                "levelOfRisk": 2,
                "startingInvestmentAmount": 1000,
                "stocksSymbols": [
                    601,
                    602,
                    700,
                    701,
                    702,
                    "TA35.TA",
                    "TA90.TA",
                    "SPY",
                    "QQQ",
                    "^RUT",
                    "IEI",
                    "LQD",
                    "Gsg",
                    "GLD",
                    "OIL"
                ],
                "sectorsNames": [
                    "Israel Stocks",
                    "Israel General Bonds",
                    "Israel Government Bonds",
                    "US Stocks",
                    "US Bonds",
                    "US Commodity"
                ],