{
    "usersList": {
        "tom": [
            {
                "id": 10,
                "levelOfRisk": 2,
                "startingInvestmentAmount": 1000,
                "stocksSymbols": [
                    601,
                    602,
                    700,
                    701,
                    702,
                    142,
                    143,
                    "SPY",
                    "QQQ",
                    "^RUT",
                    "IEI",
                    "LQD",
                    "GSG",
                    "GLD",
                    "OIL"
                ],
                "sectorsNames": [
                    "Israel Stocks Indexes",
                    "Israel General Bonds Indexes",
                    "Israel Government Bonds Indexes",
                    "US Stocks Indexes",
                    "US Bonds Indexes",
                    "US Commodity Indexes"
                ],
                "sectorsWeights": [
                    0.11328709422494139,
                    0.18622620780443,
                    0.2500526551323597,
                    0.1713620415553693,
                    0.1001047149913929,
                    0.17896728629150602
                ],
                "stocksWeights": [
                    0.0371119560947466,
                    0.1491142517096834,
                    0.10900465330509,
                    0.0113623619671986,
                    0.1296856398600711,
                    0.0266057448878235,
                    0.0866813493371179,
                    0.0652765844102519,
                    0.0374571506000896,
                    0.0686283065450278,
                    0.0520387892392715,
                    0.0480659257521214,
                    0.0050149282214801,
                    0.1666827024128897,
                    0.0072696556571362
                ],
                "annualReturns": 3.78911796689085,
                "annualMaxLoss": -4.440105800953538,
                "annualVolatility": 4.987408344148114,
                "annualSharpe": 0.7597368624000367,
                "totalChange": 56.97306679008574,
                "monthlyChange": 1.40296394629984,
                "dailyChange": -0.0005496261455911546,
                "statModelName": "Gini",
                "machineLearningOpt": 1,
                "stocksCollectionNumber": "1",
                "investments_list": [
                    {
                        "amount": 1000,
                        "date": "2023-08-13",
                        "status": false,
                        "automatic_investment": false
                    },
                    {
                        "amount": 2000,
                        "date": "2023-08-13",
                        "status": false,
                        "automatic_investment": false
                    },
                    {
                        "amount": 3000,
                        "date": "2023-08-13",
                        "status": false,
                        "automatic_investment": false
                    },
                    {
                        "amount": 5000,
                        "date": "2023-08-13",
                        "status": false,
                        "automatic_investment": false
                    },
                    {
                        "amount": 500,
                        "date": "2023-08-13",
                        "status": true,
                        "automatic_investment": false
                    }
                ]
            }
        ],
        "yarden": [
            {
                "levelOfRisk": 2,
                "startingInvestmentAmount": 0,
                "stocksSymbols": [
                    41,
                    170,
                    603,
                    690,
                    637,
                    704,
                    700,
                    "XLK",
                    "XLV",
                    "XOP",
                    "XLU",
                    "QQQ",
                    "SHV",
                    "BIL",
                    273011,
                    695437,
                    593038,
                    "LMB",
                    "AGM",
                    "TDS",
                    "MCD",
                    "FMY",
                    "EOI"
                ],
                "sectorsNames": [
                    "Israel Stocks Indexes",
                    "Israel General Bonds Indexes",
                    "Israel Government Bonds Indexes",
                    "US Stocks Indexes",
                    "US Bonds Indexes",
                    "Israel Stocks",
                    "US Stocks"
                ],
                "sectorsWeights": [
                    0.036916148926967096,
                    0.1185135598722748,
                    0.10943397972913249,
                    0.2500205405277999,
                    0.129162340612994,
                    0.1882851519442178,
                    0.16766827838661302
                ],
                "stocksWeights": [
                    0.0169659768097516,
                    0.0199501721172155,
                    0.0019267362380833,
                    0.0893583294383601,
                    0.0272284941958314,
                    0.0140769180745128,
                    0.0953570616546197,
                    0.0551090129304261,
                    0.0605049517022043,
                    0.0017600552017068,
                    0.0779077814534146,
                    0.0547387392400481,
                    0.0474687739589578,
                    0.0816935666540362,
                    0.0988980152166158,
                    0.0726178179384133,
                    0.0167693187891887,
                    0.0387999462136489,
                    0.0441342059528807,
                    0.0230202319597163,
                    0.0091924688723541,
                    0.0447593513142672,
                    0.0077620740737458
                ],
                "annualReturns": 9.519560584355478,
                "annualMaxLoss": -3.6450880664790084,
                "annualVolatility": 7.97857493989969,
                "annualSharpe": 1.1931404613058836,
                "totalChange": 155.78838193642136,
                "monthlyChange": 3.2351203163164532,
                "dailyChange": -0.0014227194036171569,
                "statModelName": "Markowitz",
                "machineLearningOpt": 0,
                "stocksCollectionNumber": "3",
                "id": 1
            }
        ],
        "hanael": [
            {
                "id": 3,
                "levelOfRisk": 2,
                "startingInvestmentAmount": 1000,
                "stocksSymbols": [
                    601,
                    602,
                    700,
                    701,
                    702,
                    "TA35.TA",
                    "TA90.TA",
                    "SPY",
                    "QQQ",
                    "^RUT",
                    "IEI",
                    "LQD",
                    "Gsg",
                    "GLD",
                    "OIL"
                ],
                "sectorsNames": [
                    "Israel Stocks",
                    "Israel General Bonds",
                    "Israel Government Bonds",
                    "US Stocks",
                    "US Bonds",
                    "US Commodity"
                ],
                "sectorsWeights": [
                    0.1523574543937997,
                    0.14382506849875817,
                    0.1858963458838309,
                    0.27105767188979735,
                    0.020432384369752494,
                    0.12609323586194923
                ],